USE master

CREATE DATABASE [Studio Ghibli]
 
use [Studio Ghibli]

CREATE TABLE Genre
(
Genre1 varchar (15) not null,
Genre2 varchar (15) not null,
Genre3 varchar (15),
Movieid int CONSTRAINT Ge_id_pk PRIMARY KEY
)

INSERT INTO Genre
VALUES ( 'animation','drama', null, 20),
       ( 'animation','drama', 'fantasy',19),
	   ( 'animation','drama', 'romance',18),
	   ( 'animation','drama', null, 17),
	   ( 'animation','fantasy','family',16),
	   ( 'animation','fantasy','family',15),
	   ( 'animation','drama', 'romance',8),
	   ( 'animation','fantasy','adventure',14),
	   ( 'animation','drama', 'romance',6),
	   ( 'animation','fantasy','family',12),
	   ( 'animation','drama', 'romance',10),
	   ( 'animation','drama', 'war',3),
	   ( 'animation','fantasy','family',4),
	   ('animation','fantasy','adventure',11),
	   ( 'animation','fantasy','adventure',13),
	   ( 'animation','fantasy','adventure',2),
	   ( 'animation','fantasy','family',5),
	   ( 'animation','fantasy','adventure',9),
	   ( 'animation','family', 'comedy',7),
	   ( 'animation','fantasy','adventure',1),
	   ( 'animation','adventure',null, 21)


CREATE TABLE Movie
(
MovieId int CONSTRAINT Mo_id_fk FOREIGN KEY REFERENCES Genre(MovieId),
MovieName varchar (50) CONSTRAINT mov_na_pk PRIMARY KEY,
Duration time not null,
JapanRelease date,
US_Release date
)



INSERT INTO Movie
VALUES(7, 'Porco Rosso', '01:31:00','1992-07-18', '1994-12-16'),
      (20,'When Marnie Was There','01:43:00', '2014-07-14', '2015-07-26'),
      (19,'The Tale of The Princess Kaguya','02:17:00', '2013-11-23', '2014-10-17'),
	  (18, 'The Wind Rises', '02:06:00', '2013-07-20', '2014-02-21'),
	  (17, 'From Up The Poppy Hill', '01:31:00', '2011-07-16', '2013-03-15'),
	  (16, 'The Secret World of Arrietty', '01:34:00', '2010-07-17', '2012-02-17'),
	  (15, 'Ponyo', '01:40:00', '2008-07-19', '2009-08-14'),
	  (8, 'Ocean Waves', '01:12:00', '1993-05-05', '2016-12-28'),
	  (14, 'Tales from Earthsea', '01:55:00', '2006-07-29', null),
	  (6, 'Only Yesterday', '01:55:00', '1991-07-20', null),
	  (12, 'Spirited Away', '02:05:00', '2001-07-20', '2002-09-20'),
	  (10,'Whisper of the Heart', '01:51:00', '1995-07-15',	'2006-03-07'),
	  (3, 'Grave of the Fireflies', '01:29:00', '1988-04-16', '1991-07-26'),
	  (4, 'My Neighbor Totoro','01:26:00', '1988-04-16', '1990-07-13'),
	  (11, 'Princess Mononoke', '02:14:00','1997-07-12', '1999-10-29'),
	  (13,'Howl`s Moving Castle', '01:59:00', '2004-11-20', '2005-06-17'),
	  (2, 'Castle in the Sky', '02:05:00', '1986-08-02', '1989-03-24'),
	  (5, 'Kiki`s Delivery Service', '01:43:00', '1989-07-29', '1998-05-23'),
	  (9, 'Pom Poko', '01:59:00','1994-07-16', '1995-04-21'),
	  (1, 'Nausicaä of the Valley of the Wind', '01:57:00', '1984-03-11', '1985-06-13'),
	  (21, 'The Boy and the Heron', '02:04:00', '2023-07-14', '2023-10-01')

	update movie
	set MovieName ='From Up on The Poppy Hill'
	where MovieId =17


CREATE TABLE LeadCrew
(
MovieName varchar (50) CONSTRAINT Lc_na_fk FOREIGN KEY REFERENCES Movie(MovieName) ,
writer varchar(30),
Director varchar(30) not null,
Producer varchar(100) ,
ArtDirector varchar(100) ,
Composer varchar(30) not null
)

INSERT INTO  LeadCrew
VALUES ('When Marnie Was There', 'Joan G. Robinson', 'Hiromasa Yonebayashi', 'Yoshiaki Nishimura', 'Yohei Taneda', 'Takatsugu Muramatsu'),
       ('The Tale of The Princess Kaguya', 'Riko Sakaguchi', 'Isao Takahata', 'Yoshiaki Nishimura',	'Kazuo Komatsubara', 'Joe Hisaishi'),
       ('The Wind Rises', 'Tatsuo Hori', 'Hayao Miyazaki', 'Toshio Suzuki',	'Yoji Takeshige', 'Joe Hisaishi'),
       ('From Up on Poppy Hill', 'Hayao Miyazaki', 'Goro Miyazaki',	'Toshio Suzuki', 'Kamon Ooba/Noboru Yoshida/Takashi Omori/Yohei Takamatsu', 'Satoshi Takebe'),
       ('The Secret World of Arrietty', 'Mary Norton', 'Hiromasa Yonebayashi', 'Toshio Suzuki',	'Noboru Yoshida/ Yoji Takeshige',	'Cécile Corbel'),
       ('Ponyo', 'Hayao Miyazaki','Hayao Miyazaki',	'Toshio Suzuki', 'Noboru Yoshida', 'Joe Hisaishi'),
       ('Ocean Waves', 'Kaori Nakamura', 'Tomomi Mochizuki', 'Nozomu Takahashi/Toshio Suzuki/Seiji Okuda','Naoya Tanaka', 'Shigeru Nagata'),
       ('Tales from Earthsea', 'Gorō Miyazaki/Keiko Niwa', 'Goro Miyazaki', 'Toshio Suzuki', 'Yôji Takeshige', 'Tamiya Terashima'),
       ('Only Yesterday','Isao Takahata', 'Isao Takahata', 'Toshio Suzuki',	'Kazuo Oga', 'Katz Hoshi'),
       ('Spirited Away', 'Hayao Miyazaki', 'Hayao Miyazaki', 'Toshio Suzuki', 'Youji Takeshige', 'Joe Hisaishi'),
	   ('Whisper of the Heart', 'Hayao Miyazaki',	'Yoshifumi Kondo',	'Toshio Suzuki/Yasuyoshi Tokuma', 'Satoshi Kuroda', 'Yuji Nomi'),
       ('Grave of the Fireflies', 'Isao Takahata', 'Isao Takahata',	'Takanobu Sato/Toru Hara', 'Nizō Yamamoto', 'Michio Mamiya'),
       ('My Neighbor Totoro', 'Hayao Miyazaki',	'Hayao Miyazaki', 'Toru Hara', 'Kazuo Oga', 'Joe Hisaishi'),
       ('Princess Mononoke', 'Hayao Miyazaki', 'Hayao Miyazaki', 'Toshio Suzuki/Yasuyoshi Tokuma',
	     'Kazuo Oga/Naoya Tanaka/Nizo Yamamoto/Satoshi Kuroda/Youji Takeshige',	'Joe Hisaishi'),
       ('Howl`s Moving Castle', 'Hayao Miyazaki', 'Hayao Miyazaki',	'Toshio Suzuki', 'Yoji Takeshige/Noboru Yoshida', 'Joe Hisaishi'),
       ('Castle in the Sky', 'Hayao Miyazaki', 'Hayao Miyazaki', 'Yasuyoshi Tokuma/Isao Takahata',	'Toshio Nozaki/Nizô Yamamoto', 'Joe Hisaishi'),
       ('Kiki`s Delivery Service', 'Hayao Miyazaki', 'Hayao Miyazaki', 'Hideo Ogata/Yasuji Urushido/Toru Hara/Yasuyoshi Tokuma/Mikihiko Tsuzuki', 'Hiroshi Ohno', 'Joe Hisaishi'),
       ('Pom Poko', 'Isao Takahata', 'Isao Takahata', 'Toshio Suzuki', 'Kazuo Oga',	'Shang Shang Typhoon'),
       ('Porco Rosso', 'Hayao Miyazaki', 'Hayao Miyazaki', 'Toshio Suzuki', 'Katsu Hisamura', 'Joe Hisaishi'),
	   ('Nausicaä of the Valley of the Wind', 'Hayao Miyazaki',	'Hayao Miyazaki', 'Michitaka Kondo/Isao Takahata', 'Mitsuki Nakamura', 'Joe Hisaishi'),
       ('The Boy and the Heron', 'Hayao Miyazaki', 'Hayao Miyazaki', 'Toshio Suzuki', null, 'Joe Hisaishi')			

CREATE TABLE BoxOffice
(
MovieId int CONSTRAINT BO_id_fk FOREIGN KEY REFERENCES Genre(MovieId),
Budget money not null,
Revenue money not null
)

INSERT INTO BoxOffice
VALUES (20,'115000000.00','34949567.00'),
		(19, '49300000.00','24366656.00'),
		(18,'30000000.00','117932401.00'),
		(17,'22000000.00','61037844.00'),
		(16,'23000000.00','149480483.00'),
		(15,'34000000.00','202404009.00'),
		(8,'5000000.00','100000.00'),
		(14,'22000000.00','68625104.00'),
		(6,'2500000.00','473110.00'),
		(12,'19000000.00','274925095.00'),
		(10,'7000000.00','34900000.00'),
		(3,'3700000.00','516962.00'),
		(4,'3700000.00','41000000.00'),
		(11,'23500000.00','169000000.00'),
		(13,'24000000.00','236049757.00'),
		(2,'3000000.00','15542039.00'),
		(5,'69000000.00','20500000.00'),
		(9,'12000000.00','4470000000.00'),
		(7,'9200000.00','34100000.00'),
		(1,'500000.00','3301446.00'),
		(21,'100000000.00','167000000.00')

	update BoxOffice
	set Revenue ='15542039.00'
	where MovieId =2

CREATE TABLE [Cast]
(
MovieId int CONSTRAINT ca_id_fk FOREIGN KEY REFERENCES Genre(MovieId),
CharacterName varchar(50),
japanCastMember varchar(100),
USA_CastMember varchar(100),
Gender varchar CONSTRAINT ca_gen_ck CHECK (Gender like 'M' or(Gender like 'F' or(Gender like '*')))
)

INSERT INTO [Cast]
VALUES (9,'Narrator', 'Kokontei Shincho', 'Maurice LaMarche', 'M'),
	   (9,'Shoukichi','Makoto Nonomura', 'Jonathan Taylor Thomas', 'M'),
	   (9,'Okiyo',	'Yuriko Ishida', 'Jillian Bowen', 'F'),
		(9,'Seizaemon',	'Norihei Miki',	'J.K. Simmons', 'F'),
		(9,'Oroku',	'Nijiko Kiyokawa', 'Tress MacNeille', 'F'),
		(9,'Gonta',	'Shigeru Izumiya', 'Clancy Brown', 'M'),
		(9,'Inugami Gyobu',	'Gannosuke Ashiya',	'Jess Harnell', 'M'),
		(9,'Bunta',	'Takehiro Murata', 'Kevin Michael Richardson', 'M'),
		(9,'Wonderland President',	'Takehiro Murata', 'Kevin Michael Richardson', 'M'),		
		(9,'Kinchō Daimyōjin VI', 'Beicho Katsura', 'Brian George', 'M'),
		(9,'Yashimano Hage', 'Beicho Katsura', 'Brian George', 'M'),		
		(9,'Osho', 'Kosan Yanagiya', 'Andre Stojka', 'M'),
		(9,'Tamasaburo', 'Akira Kamiya', 'Wally Kurth', 'M'),
		(9,'Sasuke', 'Megumi Hayashibara', 'Marc Dontana', 'M'),
		(9,'Ryutaro', 'Akira Fukuzawa',	'John DiMaggio', 'M'),
		(9,'Hayashi', 'Osamu Kato',	'Brian Posehn', 'M'),
		(9,'Otama',	'Yorie Yamashita', 'Russi Taylor', 'M'),
		(9,'Ponkichi', 'Shôzô Hayashiya', 'David Oliver Cohen', 'M'),
		(9,'Koharu', 'Yumi Kuroda',	'Olivia d`Abo', 'F'),
		(7, 'Porco Rosso', 'Shuichiro Moriyama', 'Ward Sexton', 'M'),
		(7, 'Gina', 'Kato Tokiko', 'Faith Bach', 'F'),		
		(7, 'Mr. Piccolo', 'Bunshi Katsura', 'Clay Lowrey', 'M'),
		(7, 'Fio Piccolo', 'Akemi Okamura',	'Lynn Eve Harris', 'F'),
		(7, 'Donald Curtis', 'Akio Ōtsuka',	'Greg Dale', 'M'),
		(7, 'Mamma Aiuto Boss',	'Tsunehiko Kamijo',	'James Keating', 'M'),
		(7, 'Mamma Aiuto Gang mem',	'Reizo Nomoto',	'Barry Gjerde', 'M'),
		(7, 'Mamma Aiuto Gang mem',	'Osamu Saka', 'Julian Macfarlane', 'M'),
		(7, 'Mamma Aiuto Gang mem',	'Yu Shimaka', 'Jeff Manning', 'M'),
		(7, 'Ferrari', 'Mahito Tsujimura', 'Julian Macfarlane', 'M'),
		(1, 'Nausicaä/Princess Zandra',	'Sumi Shimamoto', 'Susan Davis', 'F'),
		(1, 'Jhil/King Zeal/Muzu', 'Mahito Tsujimura',	'John Hostetter', 'M'),		
		(1, 'Obaba/Old Lady', 'Hisako Kyōda', 'Linda Gary', 'F'),
		(1, 'Yupa',	'Goro Naya', 'Hal Smith', 'M'),
		(1, 'Mito/Axel', 'Ichiro Nagai'	, 'Hal Smith', 'M'),
		(1, 'Gol & Gikuri', 'Kōhei Miyauchi/Jōji Yanami', 'John Hostetter', 'M'),	
		(1, 'Niga',	'Minoru Yada', 'John Hostetter', 'M'),	
		(1, 'Teto',	'Rihoko Yoshida', 'John Hostetter', 'M'),	
		(1, 'Asbel/Prince Milo', 'Yoji Matsuda', 'Cam Clarke', 'M'),
		(1, 'Kushana/Queen Salena',	'Yoshiko Sakakibara', 'Linda Gary', 'F'),
		(1, 'Kurotowa/Rogan', 'Iemasa Kayumi', 'John Hostetter', 'M'),
		(1, 'Pejite Girl/Placeda Girl',	'Takako Ôta', 'Susan Davis', 'F'),
		(1, 'Lastelle`s Mother', 'Akiko Tsuboi', 'Linda Gary', 'F'),
		(21, 'Mahito Maki',	'Soma Santoki',	'Mark Hamill', 'M'),
		(21, 'The Grey Heron',	'Masaki Suda',	'Luca Padovan', 'M'),
		(21, 'Kiriko',	'Kô Shibasaki',	'Florence Pugh', 'F'),
		(21, 'Himi', 'Aimyon',	'Willem Dafoe', 'M'),
		(21, 'Natsuko',	'Yoshino Kimura', 'Gemma Chan', 'F'),
		(21, 'Shoichi Maki', 'Takuya Kimura', 'Christian Bale', 'M'),
		(21, 'The Parakeet King', 'Jun Kunimura', 'Dave Bautista', 'M'),
      (20,'Anna Sasaki', 'Sara Takatsuki',	'Hailee Steinfeld ','F'),
      (20,'Marnie', 'Kasumi Arimura', 'Kiernan Shipka', 'F'),
	  (20,'Yoriko Sasaki', 'Nanako Matsushima',	'Geena Davis', 'F'),
	  (20,'Setsu Oiwa', 'Toshie Negishi', 'Grey Griffin' ,'M'),
	  (20,'Kiyomasa Oiwa' ,'Susumu Terajima', 'John C. Reilly', 'M'),
	  (20, 'Tōichi' ,'Ken Yasuda', 'Fred Tatasciore', 'M'),
	  (20, 'Nobuko Kadoya', 'Akiko Yoritsune', 'Raini Rodriguez','F'),
	  (19, 'Princess Kaguya', 'Aki Asakura', 'Chloë Grace Moretz', 'F'),
	  (19, 'Princess Kaguya(young)' , 'Mirai Uchida ', 'Caitlyn Leone ','F'),
	  (19, 'Sutemaru', 'Kengo Kora', 'Darren Criss', 'M'),
	  (19, 'The Bamboo Cutter' , 'Takeo Chii', 'James Caan', 'M'),
	  (19, 'The Bamboo Cutter`s Wife', 'Nobuko Miyamoto', 'Mary Steenburgen', 'F'),
	  (19, 'Lady Sagami', ' Atsuko Takahata',	'Lucy Liu', 'F'),
	  (19, 'Menowarawa', 'Tomoko Tabata', 'Hynden Walch', 'F'),
	  (19, 'Inbe no Akita', 'Tatekawa Shinosuke',	'George Segal', 'M'),
	  (19, 'Prince Ishitsukuri', 'Takaya Kamikawa',	'James Marsden', 'M'),
	  (19, 'Lord Minister of the Right Abe', 'Hikaru Ijūin', 'Oliver Platt', 'M'),
	  (19, 'Great Counselor Otomo', 'Ryudo Uzaki', 'Daniel Dae Kim', 'M'),
	  (19, 'The Mikado', 'Nakamura Shichinosuke II', 'Dean Cain' , 'M'),
	  (19, 'Prince Kuramochi', 'Isao Hashizume', 'Beau Bridges' , 'M'),
	  (19, 'Middle Counselor Isonokami', 'Tamaki Kojo', 'John Cho', 'M'),
	  (18, 'Jiro Horikoshi', 'Hideaki Anno', 'Joseph Gordon-Levitt', 'M'),
	  (18, 'Naoko Satomi', 'Miori Takimoto', 'Emily Blunt', 'F'),
	  (18, 'Kiro Honjo',	'Hidetoshi Nishijima',	'John Krasinski', 'M'),
	  (18, 'Kurokawa', 'Masahiko Nishimura',	'Martin Short', 'M'),
	  (18, 'Castorp', 'Steve Alpert', 'Werner Herzog', 'M'),
	  (18, 'Kayo Horikoshi', 'Mirai Shida', 'Mae Whitman', 'F'),
	  (18, 'Caproni',	'Nomura Mansai', 'Stanley Tucci', 'M'),
	  (17, 'Shun Kazama', 'Junichi Okada',	'Anton Yelchin', 'M'),
      (17, 'Umi Matsuzaki', 'Masami Nagasawa', 'Sarah Bolger', 'F'),
      (17, 'Young Umi Matsuzaki', 'Aoi Watanabe', 'Sarah Bolger', 'F'),
      (17, 'Hana Matsuzaki', 'Keiko Takeshita',	'Edie Mirman', 'F'),
      (17, 'Ryōko Matsuzaki', 'Jun Fubuki',	'Jamie Lee Curtis', 'F'),
      (17, 'Miki Hokuto', 'Yuriko Ishida', 'Gillian Anderson', 'F'),
      (17, 'Yoshio Onodera', 'Takashi Naito', 'Bruce Dern', 'M'),
      (17, 'Shirou Mizunuma', 'Shunsuke Kazama', NULL, 'F'),	
      (17, 'Akio Kazama', 'Nao Omori',	'Chris Noth', 'M'),
      (17, 'Tokumaru', 'Teruyuki Kagawa', NULL, 'M'),	
      (17, 'Sora Matsuzaki', 'Haruka Shiraishi', 'Isabelle Fuhrman', 'F'),
      (17, 'Riku Matsuzaki', 'Tsubasa Kobayashi', 'Raymond Ochoa / Alex Wolff', 'M'),
      (17, 'Sachiko Hirokoji', 'Rumi Hiiragi', NULL , 'F'),		
      (17, 'Nobuko Yokoyama', 'Aoi Teshima', NULL, 'M'),
      (17, 'Yuuko',	'Toshimi Kanno', NULL, 'F'),	
      (17, 'History teacher', 'Goro Miyazaki', NULL, 'M'),	
      (17, 'Yūichirō Sawamura',	'Junichi Okada', 'Robert Clotworthy', 'M'),
      (17, 'Yamazaki', 'Hiroki Tanaka', NULL , 'F'),
	  (16, 'Arrietty',	'Mirai Shida', 'Bridget Mendler', 'F'),
      (16, 'Sho/Shawn',	'Ryunosuke Kamiki',	'David Henrie', 'M'),
      (16, 'Homily', 'Shinobu Otake', 'Amy Poehler', 'F'),
      (16, 'Sadako Maki', 'Keiko Takeshita', 'Gracie Poletti', 'F'),
      (16, 'Spiller', 'Tatsuya Fujiwara', 'Moisés Arias', 'M'),
      (16, 'Pod', 'Tomokazu Miura',	'Will Arnett', 'M'),
      (16, 'Haru',	'Kirin Kiki', 'Carol Burnett', 'F'),
	  (15, 'Lisa', 'Tomoko Yamaguchi',	'Tina Fey', 'F'),
      (15, 'Kōichi', 'Kazushige Nagashima',	'Matt Damon', 'M'),
      (15, 'Granmamare', 'Yuki Amami',	'Cate Blanchett', 'F'),
      (15, 'Fujimoto', 'George Tokoro',	'Liam Neeson', 'M'),
      (15, 'Ponyo',	'Yuria Nara', 'Noah Cyrus', 'F'),
      (15, 'Sōsuke', 'Hiroki Doi',	'Frankie Jonas', 'M'),
      (15, 'Young Mother', 'Rumi Hiiragi', 'Mona Marshall', 'M'),
      (15, 'Ponyo`s Sisters', 'Akiko Yano', NULL, 'F'),
	  (15, 'Toki', 'Kazuko Yoshiyuki', 'Lily Tomlin', 'F'),
	  (15, 'Yoshie', 'Tomoko Naraoka', 'Betty White', 'F'),
	  (15, 'Newscaster', 'Shin`ich Hatori',	'Kurt Knutsson', 'M'),
	  (15, 'Kayo', 'Tokie Hidari', 'Marsha Clark', 'F'),
	  (15, 'Kumiko', 'Eimi Hiraoka', 'Jennessa Rose', 'F'),
	  (15, 'Karen',	'Nozomi Ohashi', 'Colleen O`Shaughnessey', 'F'),
	  (15, 'Noriko', 'Akiko Takeguchi',	'Cloris Leachman', 'F'),
	  (15, 'Sōsuke`s Teacher', 'Eiko Kanasawa',	'Courtnee Draper', 'F'),
	  (15, 'Young Father', 'Shirô Saitô', 'Bob Bergen', 'M'),
	  (8, 'Rikako Muto', 'Yōko Sakamoto', NULL, 'F'),
	  (8,'Taku Morisaki',	'Nobuo Tobita', NULL,'M'),
	  (8,'Yutaka Matsuno', 'Toshihiko Seki', NULL, 'M'),
	  (8,'Yumi Kohama', 'Kae Araki', NULL, 'F'),
	  (8, 'Akiko Shimizu', 'Yuri Amano', NULL, 'F'),
	  (8, 'Okada', 'Jun`ichi Kanemaru', NULL,'M'),
	  (8, 'Taku`s mother', 'Ai Satô', NULL, 'F'),
	  (8, 'Girl', 'Aya Hisakawa', NULL, 'F'),
	  (8, 'Minarai', 'Tomokazu Seki', NULL, 'M'),
	  (8, 'Tadashi Yamao', 'Hikaru Midorikawa', null, 'M'),
	  (14, 'Arren',	'Junichi Okada', 'Matt Levin', 'M'),
  	  (14, 'Therru', 'Aoi Teshima',	'Blaire Restaneo', 'F'),
	  (14, 'Ged','Bunta Sugawara', 'Timothy Dalton', 'M'),
	  (14, 'Cob', 'Yūko Tanaka', 'Willem Dafoe', 'M'),
	  (14, 'Hare', 'Teruyuki Kagawa', 'Cheech Marin', 'M'),
	  (14, 'Tenar',	'Jun Fubuki', 'Mariska Hargitay', 'F'),
	  (14, 'Hazia Dealer', 'Takashi Naito',	'Jess Harnell', 'M'),
	  (14, 'Cloak Vendor',	'Mitsuko Baisho', 'Kat Cressida', 'F'),
	  (14, 'Queen',	'Yui Natsukawa', 'Susanne Blakeslee', 'F'),
	  (14, 'King of Enlad',	'Kaoru Kobayashi', 'Brian George', 'M'),
	  (13,'Taeko Okajima', 'Miki Imai/ Yoko Honna', 'Daisy Ridley/ Alison Fernandez', 'F'),
      (13, 'Toshio', 'Toshiro Yanagiba', 'Dev Patel', 'M'),
	  (12,'Chihiro Ogino', 'Rumi Hiiragi', 'Daveigh Chase', 'F'),
	  (12,'Haku', 'Miyu Irino',	'Jason Marsden', 'M'),
	  (12,'Yubaba/Zeniba', 'Mari Natsuki', 'Suzanne Pleshette', 'F'),		
	  (12,'Akio Ogino',	'Takashi Naito', 'Michael Chiklis', 'M'),
	  (12,'Yuko Ogino',	'Yasuko Sawaguchi',	'Lauren Holly', 'F'),
	  (12,'Aogaeru', 'Tatsuya Gashuin',	'Bob Bergen', 'M'),
	  (12,'No-Face', 'Akio Nakamura	', NULL, '*'),
	  (12,'Boh', 'Ryūnosuke Kamiki', 'Tara Strong', 'M'),
	  (12,'Lin', 'Yumi Tamai',	'Susan Egan', 'F'),
	  (12,'Foreman', 'Yô Ôizumi', 'Rodger Bumpass', 'M'),
	  (12,'River Spirit', 'Koba Hayashi', 'Jim Ward', 'M'),
	  (12,'Chichiyaku',	'Tsunehiko Kamijo',	'Paul Eiding', 'M'),
	  (12,'Aniyaku', 'Takehiko Ono', 'John Ratzenberger', 'M'),
	  (12,'Kamajī',	'Bunta Sugawara', 'David Ogden Stiers', 'M'),
	  (12,'Radish Spirit', 'Ken Yasuda', 'Jack Angel', 'M'),
	  (10, 'Shizuku Tsukishima', 'Yōko Honna', 'Brittany_Snow', 'F'),
	  (10, 'Seiji Amasawa',	'Issei Takahashi', 'David Gallagher', 'M'),
  	  (10, 'Moon', null,null, 'M'),
	  (10, 'Seiya Tsukishima', 'Takashi Tachibana', 'James Sikking', 'M'),
	  (10, 'Asako Tsukishima', 'Shigeru Muroi',	'Jean Smart', 'F'),
	  (10, 'Shiho Tsukishima', 'Yorie Yamashita', 'Courtney Thorne-Smith', 'F'),
	  (10, 'Baron Humbert von Gikkingen', 'Shigeru Tsuyuguchi',	'Cary Elwes', 'M'),
	  (10, 'Shirō Nishi', 'Keiju Kobayashi', 'Harold Gould', 'M'),
	  (3, 'Seita Yokokawa',	'Tsutomu Tatsumi', 'J. Robert Spencer', 'M'),
	  (3, 'Setsuko Yokokawa', 'Ayano Shiraishi', 'Rhoda Chrosite', 'F'),
	  (3, 'Mrs. Yokokawa',	'Yoshiko Shinohara', 'Veronica Taylor', 'F'),
	  (3, 'Seita`s aunt', 'Akemi Yamaguchi', 'Amy Jones', 'F'),
	  (4, 'Satsuki Kusakabe', 'Noriko Hidaka', 'Dakota Fanning', 'F'),
	  (4, 'Mei Kusakabe', 'Chika Sakamoto',	'Elle Fanning', 'F'),
	  (4, 'Tatsuo Kusakabe', 'Shigesato Itoi', 'Tim Daly', 'M'),
	  (4, 'Yasuko Kusakabe', 'Sumi Shimamoto', 'Lea Salonga', 'F'),
	  (4, 'Granny',	'Tanie Kitabayashi', 'Pat Carroll', 'F'),
	  (4, 'Kanta`s Mother',	'Yuko Maruyama', 'Kath Soucie', 'F'),
	  (4, 'Miss Hara', 'Machiko Washio', 'Tress MacNeille', 'F'),
	  (4, 'Kanta`s Aunt', 'Reiko Suzuki', 'Russi Taylor', 'F'),
	  (4, 'Kanta`s Father',	'Masashi Hirose', 'David Midthunder', 'M'),
	  (4, 'Kanta Ōgaki', 'Toshiyuki Amagasa', 'Paul Butcher', 'M'),
 	  (4, 'Kusakari-Otoko',	'Shigeru Chiba', 'Peter Renaday', 'M'),
  	  (4, 'Catbus',	'Naoki Tatsuta', 'Frank Welker','*'),
	  (4, 'Mailman', 'Tomohiro Nishimura', 'Robert Clotworthy', 'M'),
	  (4, 'Michiko', 'Chie Koujiro', 'Ashley Rose Orr', 'F'),
	  (4, 'Tractor Driver',	'Daiki Nakamura', 'Matt Adler', 'M'),
	  (4, 'Ryōko', 'Yuko Mizutani',	'Bridget Hoffman', 'F'),
	  (11, 'Ashitaka', 'Yoji Matsuda', 'Billy Crudup', 'M'),
	  (11, 'San', 'Yuriko Ishida', 'Claire Danes', 'F'),
	  (11, 'Lady Eboshi', 'Yūko Tanaka', 'Minnie Driver', 'F'),
	  (11, 'Jigo',	'Kaoru Kobayashi', 'Billy Bob Thornton', 'M'),
	  (11, 'Kohroku', 'Masahiko Nishimura',	'John DeMita', 'M'),
	  (11, 'Gonza',	'Tsunehiko Kamijō',	'John DiMaggio', 'M'),
	  (11, 'Moro', 'Akihiro Miwa', 'Gillian Anderson', 'F'),
	  (11, 'Hī-sama', 'Mitsuko Mori', 'Debi Derryberry', 'F'),
	  (11, 'Okkoto', 'Hisaya Morishige', 'Keith David', 'M'),
	  (11, 'Toki', 'Sumi Shimamoto', 'Jada Pinkett Smith', 'F'),
	  (11, 'Kiyo', 'Yayoi Kazuki', 'Tress MacNeille', 'F'),
	  (11, 'Kaya', 'Yuriko Ishida',	'Tara Charendoff', 'F'),
	  (11, 'Ji', 'Kiho Iinuma',	'Lewis Arquette', 'F'),
	  (11, 'Osa', 'Corey Burton', null, 'M'),
	  (11, 'Nago', 'Makoto Sato', 'John DiMaggio', 'M'),
	  (13,'Sophie',	'Chieko Baisho', 'Jean Simmons(old)/Emily Mortimer(young)', 'F'),
	  (13,'Howl', 'Takuya Kimura', 'Christian Bale', 'M'),
	  (13,'Witch of the Waste',	'Akihiro Miwa',	'Lauren Bacall', 'F'),
	  (13,'Calcifer', 'Tatsuya Gashuin', 'Billy Crystal', 'M'),
	  (13,'Markl', 'Ryūnosuke Kamiki',	'Josh Hutcherson', 'M'),
	  (13,'Suliman', 'Haruko Katō',	'Blythe Danner', 'F'),
	  (13,'Lettie Hatter', 'Kayako Tsuzuki', 'Jena Malone', 'F'),
	  (13,'Honey', 'Mayuno Yasokawa', 'Mari Devon', 'F'),
	  (13,'Turnip Head', 'Yo Oizumi', 'Crispin Freeman', 'M'),
	  (13,'Madge', 'Rio Kanno', 'Liliana Mumy', 'F'),
	  (13,'King of Ingary',	'Akio Otsuka',	'Mark Silverman', 'M'),
	  (13,'Heen', 'Daijirō Harada', null , 'M'),
	  (5, 'Kiki', 'Minami Takayama', 'Lisa Michelson', 'F'),
	  (5, 'Ursula','Minami Takayama', 'Edie Mirman', 'F'),
	  (5, 'Barsa', 'Hiroko Seki', 'Edie Mirman'	, 'F'),
	  (5, 'Jiji', 'Rei Sakuma', 'Kerrigan Mahan', 'M'),
	  (5, 'Kokiri',	'Mieko Nobusawa', 'Barbara Goodson', 'F'),
	  (5, 'Osono', 'Keiko Toda', 'Alexandra Kenworthy', 'F'),
	  (5, 'Tombo', 'Kappei Yamaguchi', 'Eddie Frierson', 'M'),
	  (5, 'Madame', 'Haruko Katō', 'Melanie MacQueen', 'F'),
	  (5, 'Okino', 'Kōichi Miura', 'John Dantona', 'M'),
	  (5, 'Ket`s Father', 'Takaya Hashi', 'Steve Kramer', 'M'),
	  (5, 'Ket', 'Yuriko Fuchizaki', 'Lara Cody', 'F'),
	  (5, 'Maki', 'Kikuko Inoue', 'Lara Cody', 'F'),
	  (5, 'Ket`s Mother', 'Mika Doi', 'Diane Michelle', 'F'),	
	  (5, 'Fukuo', 'Koichi Yamadera', 'Greg Snegoff', 'M'),  
	  (5, 'Senior Witch',	'Yuko Kobayashi', 'Wendee Lee', 'F'),
	  (5, 'Madame`s Granddaughter', 'Keiko Kagimoto', 'Wendee Lee', 'F'),	
	  (5, 'Dirigible Captain', 'Akio Ōtsuka', 'Dave Mallow', 'M')




	  use [Studio Ghibli]

	  select FORMAT(DURATION,0)
	  from Movie
	  where US_Release >'2000'